{"base_value": 0.33553333333333335, "shap_values": [0.054605382888443674, -0.04103645987718843, -0.013568923011255264], "feature_names": ["sepal length (cm)", "sepal width (cm)", "petal length (cm)", "petal width (cm)"], "data_point": [5.1, 3.5, 1.4, 0.2]}